﻿designator,quantity,value,pack,mpn,mount_type
"C1, C10, C11, C12, C14, C15, C2, C6, C8",9,100nF,C_0402_1005Metric,,smt
"C13, C16, C4, C9",4,10uF,C_0402_1005Metric,,smt
C3,1,4.7uF,C_0402_1005Metric,,smt
"C5, C7",2,1nF,C_0402_1005Metric,,smt
"CON1, CON3, CON4, CON5, CON6",5,JST_04,JST_XH_S4B-XH-A_1x04_P2.50mm_Horizontal,,tht
CON2,1,JST_05,JST_EH_B5B-EH-A_1x05_P2.50mm_Vertical,,tht
D1,1,SS14,D_SMA,,smt
"D4, D5, D6",3,onsemi ESD9B3.3ST5G ,D_SOD-923,,smt
"D_out2, D_out3",2,D_Schottky,D_SOD-323,,smt
"F1, F2",2, JK-nSMD030/16V,Fuse_1206_3216Metric,,smt
"FB1, FB2, FB3",3,FerriteBead_Small,L_0402_1005Metric,,smt
"H1, H2, H3, H4",4,M3_Hole_With_Spacer_H10mm,MountingHole_3.2mm_With_Spacer_H10mm,,tht
"J1, J2",2,PINHD_1x6_Male,PinHeader_1x06_P2.54mm_Vertical,,tht
"LED1, LED2, LED3, LED4, LED5, LED6, LED7, LED8",8,LED,LED_0603_1608Metric,,smt
LS1,1,PS-953Q,PS953Q,,tht
"Q1, Q4, Q6",3,IRLML6244,SOT-23,,smt
"R1, R16, R2, R23, R25, R3, R5, R8",8,10k,R_0402_1005Metric,,smt
"R10, R11, R12, R13, R14, R15, R17, R18, R19, R20, R21, R22, R4, R7",14,4.7k,R_0402_1005Metric,,smt
"R24, R6, R9",3,10,R_0402_1005Metric,,smt
U1,1,HT7533-3 -1-SOT89 ,SOT-89-3,,smt
U2,1,STM32G030K8Tx,LQFP-32_7x7mm_P0.8mm,,smt
"U3, U4, U5",3,LIS2DW12TR,LGA-12_2x2mm_P0.5mm,,smt
