﻿pos_x,pos_y,rotation,side,designator,mpn,pack,value,mount_type,place
27.843543,-54.26596,-90.0,top,C1,,C_0402_1005Metric,100nF,smt,True
64.52,-62.8925,180.0,top,C10,,C_0402_1005Metric,100nF,smt,True
117.5,-71.28,0.0,top,C11,,C_0402_1005Metric,100nF,smt,True
119.5,-71.28,180.0,top,C12,,C_0402_1005Metric,100nF,smt,True
119.5,-70.28,180.0,top,C13,,C_0402_1005Metric,10uF,smt,True
119.394143,-38.951455,180.0,top,C14,,C_0402_1005Metric,100nF,smt,True
117.394143,-38.951455,0.0,top,C15,,C_0402_1005Metric,100nF,smt,True
119.394143,-37.951455,180.0,top,C16,,C_0402_1005Metric,10uF,smt,True
50.5,-35.36,90.0,top,C2,,C_0402_1005Metric,100nF,smt,True
48.0,-54.84,-90.0,top,C3,,C_0402_1005Metric,4.7uF,smt,True
30.042778,-54.289851,-90.0,top,C4,,C_0402_1005Metric,10uF,smt,True
37.00071,-60.275194,-90.0,top,C5,,C_0402_1005Metric,1nF,smt,True
49.0,-54.84,-90.0,top,C6,,C_0402_1005Metric,100nF,smt,True
42.798834,-60.163379,-90.0,top,C7,,C_0402_1005Metric,1nF,smt,True
62.52,-62.8925,0.0,top,C8,,C_0402_1005Metric,100nF,smt,True
64.52,-61.8925,180.0,top,C9,,C_0402_1005Metric,10uF,smt,True
37.25,-76.39,0.0,top,CON1,,JST_XH_S4B-XH-A_1x04_P2.50mm_Horizontal,JST_04,tht,True
65.0,-35.84,180.0,top,CON2,,JST_EH_B5B-EH-A_1x05_P2.50mm_Vertical,JST_05,tht,False
85.25,-76.39,0.0,top,CON3,,JST_XH_S4B-XH-A_1x04_P2.50mm_Horizontal,JST_04,tht,True
69.25,-76.39,0.0,top,CON4,,JST_XH_S4B-XH-A_1x04_P2.50mm_Horizontal,JST_04,tht,True
53.25,-76.39,0.0,top,CON5,,JST_XH_S4B-XH-A_1x04_P2.50mm_Horizontal,JST_04,tht,True
45.75,-42.29,180.0,top,CON6,,JST_XH_S4B-XH-A_1x04_P2.50mm_Horizontal,JST_04,tht,True
38.0,-69.84,180.0,top,D1,,D_SMA,SS14,smt,True
37.0525,-61.84,0.0,top,D4,,D_SOD-923,onsemi ESD9B3.3ST5G ,smt,True
42.86,-61.84,0.0,top,D5,,D_SOD-923,onsemi ESD9B3.3ST5G ,smt,True
31.014635,-54.19346,90.0,top,D6,,D_SOD-923,onsemi ESD9B3.3ST5G ,smt,True
62.0,-43.9125,90.0,top,D_out2,,D_SOD-323,D_Schottky,smt,True
65.369761,-43.9125,90.0,top,D_out3,,D_SOD-323,D_Schottky,smt,True
30.016861,-62.109348,180.0,top,F1,,Fuse_1206_3216Metric, JK-nSMD030/16V,smt,True
30.0,-64.84,180.0,top,F2,,Fuse_1206_3216Metric, JK-nSMD030/16V,smt,True
32.014635,-54.26596,90.0,top,FB1,,L_0402_1005Metric,FerriteBead_Small,smt,True
36.978269,-63.262408,180.0,top,FB2,,L_0402_1005Metric,FerriteBead_Small,smt,True
42.818158,-63.262408,180.0,top,FB3,,L_0402_1005Metric,FerriteBead_Small,smt,True
100.0,-36.84,0.0,top,H1,,MountingHole_3.2mm_With_Spacer_H10mm,M3_Hole_With_Spacer_H10mm,tht,False
30.0,-36.84,0.0,top,H2,,MountingHole_3.2mm_With_Spacer_H10mm,M3_Hole_With_Spacer_H10mm,tht,False
100.0,-76.84,0.0,top,H3,,MountingHole_3.2mm_With_Spacer_H10mm,M3_Hole_With_Spacer_H10mm,tht,False
30.0,-76.84,0.0,top,H4,,MountingHole_3.2mm_With_Spacer_H10mm,M3_Hole_With_Spacer_H10mm,tht,False
123.0,-66.68,0.0,top,J1,,PinHeader_1x06_P2.54mm_Vertical,PINHD_1x6_Male,tht,False
122.874143,-34.371455,0.0,top,J2,,PinHeader_1x06_P2.54mm_Vertical,PINHD_1x6_Male,tht,False
37.170288,-58.158846,0.0,top,LED1,,LED_0603_1608Metric,LED,smt,True
42.7675,-58.275194,180.0,top,LED2,,LED_0603_1608Metric,LED,smt,True
52.83464,-43.856641,-90.0,top,LED3,,LED_0603_1608Metric,LED,smt,True
29.993851,-51.421513,180.0,top,LED4,,LED_0603_1608Metric,LED,smt,True
55.2125,-71.84,180.0,top,LED5,,LED_0603_1608Metric,LED,smt,True
43.7875,-46.84,0.0,top,LED6,,LED_0603_1608Metric,LED,smt,True
58.7875,-71.84,0.0,top,LED7,,LED_0603_1608Metric,LED,smt,True
40.2125,-46.84,180.0,top,LED8,,LED_0603_1608Metric,LED,smt,True
84.0,-64.84,90.0,top,LS1,,PS953Q,PS-953Q,tht,True
42.7875,-54.275194,90.0,top,Q1,,SOT-23,IRLML6244,smt,True
36.98,-54.275194,90.0,top,Q4,,SOT-23,IRLML6244,smt,True
59.0625,-43.88346,0.0,top,Q6,,SOT-23,IRLML6244,smt,True
29.014635,-54.26596,-90.0,top,R1,,R_0402_1005Metric,10k,smt,True
61.0,-54.33,90.0,top,R10,,R_0402_1005Metric,4.7k,smt,True
61.0,-52.35,90.0,top,R11,,R_0402_1005Metric,4.7k,smt,True
61.51,-57.82,180.0,top,R12,,R_0402_1005Metric,4.7k,smt,True
61.51,-56.84,0.0,top,R13,,R_0402_1005Metric,4.7k,smt,True
46.49,-46.84,180.0,top,R14,,R_0402_1005Metric,4.7k,smt,True
37.51,-46.84,0.0,top,R15,,R_0402_1005Metric,4.7k,smt,True
55.0,-43.329999,90.0,top,R16,,R_0402_1005Metric,10k,smt,True
52.49,-71.84,0.0,top,R17,,R_0402_1005Metric,4.7k,smt,True
61.51,-71.84,180.0,top,R18,,R_0402_1005Metric,4.7k,smt,True
118.0,-75.03,180.0,top,R19,,R_0402_1005Metric,4.7k,smt,True
42.7875,-56.894911,0.0,top,R2,,R_0402_1005Metric,10k,smt,True
120.0,-75.03,180.0,top,R20,,R_0402_1005Metric,4.7k,smt,True
117.864143,-42.701455,180.0,top,R21,,R_0402_1005Metric,4.7k,smt,True
119.864143,-42.701455,180.0,top,R22,,R_0402_1005Metric,4.7k,smt,True
55.488975,-44.841163,180.0,top,R23,,R_0402_1005Metric,10k,smt,True
56.079706,-43.32711,90.0,top,R24,,R_0402_1005Metric,10,smt,True
63.567562,-43.89,90.0,top,R25,,R_0402_1005Metric,10k,smt,True
37.520881,-56.766489,0.0,top,R3,,R_0402_1005Metric,10k,smt,True
62.55,-66.8925,180.0,top,R4,,R_0402_1005Metric,4.7k,smt,True
43.798834,-60.193379,90.0,top,R5,,R_0402_1005Metric,10k,smt,True
41.798834,-60.193379,90.0,top,R6,,R_0402_1005Metric,10,smt,True
64.53,-66.8925,180.0,top,R7,,R_0402_1005Metric,4.7k,smt,True
38.00071,-60.275194,90.0,top,R8,,R_0402_1005Metric,10k,smt,True
36.00071,-60.275194,90.0,top,R9,,R_0402_1005Metric,10,smt,True
30.0,-57.84,90.0,top,U1,,SOT-89-3,HT7533-3 -1-SOT89 ,smt,True
55.0,-55.84,0.0,top,U2,,LQFP-32_7x7mm_P0.8mm,STM32G030K8Tx,smt,True
64.04,-64.8925,90.0,top,U3,,LGA-12_2x2mm_P0.5mm,LIS2DW12TR,smt,True
119.0,-73.28,90.0,top,U4,,LGA-12_2x2mm_P0.5mm,LIS2DW12TR,smt,True
118.874143,-40.951455,90.0,top,U5,,LGA-12_2x2mm_P0.5mm,LIS2DW12TR,smt,True
